{
  "run": "baseline_cnn",
  "model": "baseline_cnn",
  "family": "cnn",
  "pretrain": "none",
  "trained": true,
  "epochs": 20,
  "lr": 0.001,
  "frozen_backbone": false,
  "accuracy": 0.7590625,
  "macro_precision": 0.7603177657012413,
  "macro_recall": 0.7590625,
  "macro_f1": 0.7568056327574575,
  "params_M": 0.28952,
  "gflops": 1.904381952,
  "img_per_s": 1453.3104790201953,
  "train_time_s": 1547.1505651474,
  "peak_vram_mb": 1020.998144,
  "top5_classes": [
    [
      "email",
      0.953
    ],
    [
      "file folder",
      0.943
    ],
    [
      "handwritten",
      0.939
    ],
    [
      "resume",
      0.874
    ],
    [
      "scientific publication",
      0.848
    ]
  ],
  "bottom5_classes": [
    [
      "scientific report",
      0.437
    ],
    [
      "form",
      0.567
    ],
    [
      "presentation",
      0.658
    ],
    [
      "invoice",
      0.678
    ],
    [
      "budget",
      0.678
    ]
  ],
  "top_confusions": [
    [
      "scientific report",
      "presentation",
      123
    ],
    [
      "form",
      "invoice",
      99
    ],
    [
      "invoice",
      "form",
      92
    ],
    [
      "presentation",
      "file folder",
      87
    ],
    [
      "memo",
      "letter",
      86
    ],
    [
      "budget",
      "invoice",
      84
    ],
    [
      "invoice",
      "budget",
      84
    ],
    [
      "presentation",
      "scientific report",
      76
    ]
  ],
  "per_class_acc": [
    0.753,
    0.567,
    0.953,
    0.939,
    0.826,
    0.437,
    0.848,
    0.787,
    0.943,
    0.756,
    0.678,
    0.678,
    0.658,
    0.679,
    0.874,
    0.769
  ],
  "confusion_matrix": [
    [
      753,
      16,
      27,
      32,
      1,
      21,
      5,
      11,
      11,
      3,
      0,
      24,
      13,
      25,
      2,
      56
    ],
    [
      36,
      567,
      5,
      37,
      7,
      48,
      6,
      45,
      16,
      2,
      23,
      99,
      19,
      36,
      9,
      45
    ],
    [
      11,
      5,
      953,
      0,
      2,
      3,
      0,
      3,
      6,
      0,
      5,
      2,
      5,
      3,
      1,
      1
    ],
    [
      10,
      9,
      1,
      939,
      16,
      1,
      2,
      0,
      9,
      1,
      2,
      4,
      0,
      6,
      0,
      0
    ],
    [
      10,
      8,
      2,
      15,
      826,
      2,
      6,
      10,
      42,
      19,
      2,
      17,
      27,
      9,
      1,
      4
    ],
    [
      27,
      45,
      11,
      14,
      14,
      437,
      19,
      14,
      67,
      5,
      74,
      60,
      123,
      9,
      15,
      66
    ],
    [
      6,
      2,
      5,
      1,
      17,
      27,
      848,
      1,
      19,
      35,
      3,
      9,
      20,
      3,
      3,
      1
    ],
    [
      20,
      57,
      6,
      24,
      6,
      26,
      1,
      787,
      3,
      0,
      26,
      13,
      7,
      12,
      5,
      7
    ],
    [
      1,
      4,
      0,
      22,
      14,
      5,
      1,
      0,
      943,
      0,
      1,
      4,
      5,
      0,
      0,
      0
    ],
    [
      15,
      2,
      11,
      1,
      51,
      40,
      41,
      2,
      25,
      756,
      2,
      4,
      41,
      2,
      5,
      2
    ],
    [
      11,
      57,
      4,
      15,
      6,
      32,
      6,
      16,
      36,
      3,
      678,
      84,
      31,
      9,
      5,
      7
    ],
    [
      36,
      92,
      2,
      13,
      1,
      23,
      0,
      22,
      23,
      3,
      84,
      678,
      10,
      3,
      2,
      8
    ],
    [
      44,
      11,
      7,
      7,
      29,
      76,
      7,
      0,
      87,
      11,
      18,
      12,
      658,
      13,
      5,
      15
    ],
    [
      36,
      51,
      9,
      36,
      20,
      34,
      2,
      20,
      33,
      7,
      19,
      11,
      19,
      679,
      2,
      22
    ],
    [
      16,
      8,
      7,
      1,
      7,
      23,
      10,
      7,
      12,
      8,
      5,
      2,
      11,
      0,
      874,
      9
    ],
    [
      86,
      20,
      8,
      8,
      6,
      30,
      6,
      6,
      16,
      2,
      5,
      14,
      11,
      10,
      3,
      769
    ]
  ]
}