{
  "run": "deit_tiny_lp",
  "model": "deit_tiny",
  "family": "transformer",
  "pretrain": "imagenet",
  "trained": true,
  "epochs": 12,
  "lr": 0.001,
  "frozen_backbone": true,
  "accuracy": 0.5766875,
  "macro_precision": 0.5712382512014192,
  "macro_recall": 0.5766875,
  "macro_f1": 0.568105739254043,
  "params_M": 5.527504,
  "gflops": 1.0793904,
  "img_per_s": 1498.6104847565555,
  "train_time_s": 957.3193988800049,
  "peak_vram_mb": 141.107712,
  "top5_classes": [
    [
      "file folder",
      0.857
    ],
    [
      "email",
      0.819
    ],
    [
      "handwritten",
      0.766
    ],
    [
      "scientific publication",
      0.749
    ],
    [
      "advertisement",
      0.722
    ]
  ],
  "bottom5_classes": [
    [
      "memo",
      0.156
    ],
    [
      "scientific report",
      0.25
    ],
    [
      "form",
      0.386
    ],
    [
      "questionnaire",
      0.4
    ],
    [
      "letter",
      0.474
    ]
  ],
  "top_confusions": [
    [
      "scientific report",
      "presentation",
      180
    ],
    [
      "memo",
      "letter",
      158
    ],
    [
      "form",
      "invoice",
      119
    ],
    [
      "specification",
      "budget",
      117
    ],
    [
      "scientific report",
      "budget",
      116
    ],
    [
      "memo",
      "presentation",
      112
    ],
    [
      "invoice",
      "form",
      104
    ],
    [
      "memo",
      "scientific report",
      100
    ]
  ],
  "per_class_acc": [
    0.474,
    0.386,
    0.819,
    0.766,
    0.722,
    0.25,
    0.749,
    0.558,
    0.857,
    0.698,
    0.506,
    0.552,
    0.62,
    0.4,
    0.714,
    0.156
  ],
  "confusion_matrix": [
    [
      474,
      11,
      24,
      22,
      6,
      47,
      27,
      51,
      6,
      41,
      18,
      56,
      64,
      22,
      53,
      78
    ],
    [
      34,
      386,
      29,
      10,
      10,
      72,
      18,
      81,
      13,
      18,
      57,
      119,
      44,
      67,
      17,
      25
    ],
    [
      19,
      8,
      819,
      3,
      1,
      7,
      10,
      6,
      7,
      12,
      19,
      2,
      44,
      3,
      32,
      8
    ],
    [
      24,
      33,
      8,
      766,
      25,
      6,
      8,
      14,
      13,
      19,
      11,
      21,
      27,
      15,
      8,
      2
    ],
    [
      11,
      10,
      10,
      16,
      722,
      2,
      18,
      21,
      12,
      55,
      8,
      20,
      67,
      15,
      6,
      7
    ],
    [
      57,
      39,
      23,
      12,
      14,
      250,
      32,
      47,
      27,
      49,
      116,
      51,
      180,
      42,
      30,
      31
    ],
    [
      25,
      3,
      12,
      3,
      13,
      25,
      749,
      10,
      8,
      89,
      3,
      6,
      26,
      13,
      11,
      4
    ],
    [
      24,
      72,
      7,
      3,
      2,
      23,
      3,
      558,
      1,
      11,
      117,
      65,
      23,
      39,
      36,
      16
    ],
    [
      4,
      9,
      15,
      22,
      10,
      14,
      1,
      2,
      857,
      14,
      7,
      7,
      34,
      2,
      0,
      2
    ],
    [
      12,
      3,
      18,
      5,
      51,
      20,
      92,
      4,
      7,
      698,
      9,
      10,
      53,
      4,
      10,
      4
    ],
    [
      15,
      73,
      12,
      7,
      4,
      46,
      4,
      81,
      12,
      33,
      506,
      97,
      49,
      28,
      19,
      14
    ],
    [
      36,
      104,
      8,
      9,
      9,
      35,
      5,
      69,
      10,
      21,
      84,
      552,
      21,
      25,
      2,
      10
    ],
    [
      33,
      11,
      17,
      8,
      27,
      60,
      17,
      12,
      31,
      48,
      34,
      7,
      620,
      21,
      37,
      17
    ],
    [
      51,
      74,
      21,
      18,
      16,
      72,
      16,
      74,
      21,
      19,
      51,
      18,
      92,
      400,
      38,
      19
    ],
    [
      23,
      6,
      20,
      5,
      2,
      31,
      9,
      40,
      4,
      34,
      20,
      1,
      43,
      29,
      714,
      19
    ],
    [
      158,
      31,
      32,
      9,
      12,
      100,
      28,
      38,
      6,
      54,
      53,
      64,
      112,
      64,
      83,
      156
    ]
  ]
}