{
  "run": "deit_tiny",
  "model": "deit_tiny",
  "family": "transformer",
  "pretrain": "imagenet",
  "trained": true,
  "epochs": 12,
  "lr": 0.0001,
  "frozen_backbone": false,
  "accuracy": 0.8495,
  "macro_precision": 0.8517103707346914,
  "macro_recall": 0.8495,
  "macro_f1": 0.8500178005437162,
  "params_M": 5.527504,
  "gflops": 1.0793904,
  "img_per_s": 1432.5642020459907,
  "train_time_s": 994.0636310577393,
  "peak_vram_mb": 707.522048,
  "top5_classes": [
    [
      "email",
      0.976
    ],
    [
      "handwritten",
      0.932
    ],
    [
      "file folder",
      0.927
    ],
    [
      "resume",
      0.898
    ],
    [
      "scientific publication",
      0.896
    ]
  ],
  "bottom5_classes": [
    [
      "form",
      0.707
    ],
    [
      "scientific report",
      0.707
    ],
    [
      "questionnaire",
      0.774
    ],
    [
      "budget",
      0.794
    ],
    [
      "presentation",
      0.797
    ]
  ],
  "top_confusions": [
    [
      "scientific report",
      "presentation",
      111
    ],
    [
      "presentation",
      "scientific report",
      75
    ],
    [
      "form",
      "invoice",
      59
    ],
    [
      "invoice",
      "form",
      59
    ],
    [
      "news article",
      "scientific publication",
      45
    ],
    [
      "budget",
      "presentation",
      45
    ],
    [
      "form",
      "scientific report",
      42
    ],
    [
      "questionnaire",
      "presentation",
      40
    ]
  ],
  "per_class_acc": [
    0.862,
    0.707,
    0.976,
    0.932,
    0.892,
    0.707,
    0.896,
    0.883,
    0.927,
    0.833,
    0.794,
    0.83,
    0.797,
    0.774,
    0.898,
    0.884
  ],
  "confusion_matrix": [
    [
      862,
      11,
      6,
      20,
      7,
      13,
      4,
      5,
      1,
      2,
      2,
      10,
      16,
      14,
      1,
      26
    ],
    [
      26,
      707,
      3,
      14,
      12,
      42,
      2,
      27,
      8,
      0,
      20,
      59,
      13,
      35,
      8,
      24
    ],
    [
      5,
      3,
      976,
      1,
      0,
      1,
      0,
      3,
      1,
      0,
      2,
      2,
      1,
      3,
      1,
      1
    ],
    [
      8,
      15,
      0,
      932,
      14,
      1,
      1,
      8,
      4,
      1,
      4,
      0,
      0,
      12,
      0,
      0
    ],
    [
      3,
      6,
      1,
      8,
      892,
      5,
      8,
      1,
      8,
      14,
      0,
      8,
      25,
      17,
      1,
      3
    ],
    [
      4,
      32,
      1,
      2,
      8,
      707,
      21,
      10,
      17,
      4,
      33,
      10,
      111,
      13,
      13,
      14
    ],
    [
      3,
      2,
      1,
      0,
      12,
      31,
      896,
      1,
      9,
      21,
      1,
      0,
      14,
      3,
      3,
      3
    ],
    [
      16,
      23,
      4,
      6,
      5,
      12,
      0,
      883,
      1,
      2,
      12,
      7,
      6,
      16,
      1,
      6
    ],
    [
      2,
      4,
      1,
      4,
      13,
      5,
      2,
      0,
      927,
      0,
      5,
      1,
      27,
      6,
      2,
      1
    ],
    [
      2,
      1,
      3,
      0,
      29,
      13,
      45,
      0,
      6,
      833,
      3,
      3,
      39,
      5,
      9,
      9
    ],
    [
      5,
      31,
      0,
      4,
      3,
      24,
      1,
      12,
      9,
      4,
      794,
      35,
      45,
      22,
      2,
      9
    ],
    [
      17,
      59,
      0,
      7,
      1,
      8,
      0,
      10,
      9,
      2,
      39,
      830,
      8,
      7,
      0,
      3
    ],
    [
      7,
      1,
      0,
      3,
      12,
      75,
      7,
      5,
      19,
      20,
      19,
      2,
      797,
      16,
      9,
      8
    ],
    [
      16,
      39,
      2,
      11,
      19,
      36,
      4,
      7,
      9,
      3,
      13,
      7,
      40,
      774,
      11,
      9
    ],
    [
      8,
      5,
      1,
      1,
      1,
      26,
      4,
      4,
      1,
      4,
      5,
      2,
      25,
      7,
      898,
      8
    ],
    [
      27,
      23,
      1,
      1,
      3,
      20,
      0,
      2,
      8,
      1,
      9,
      3,
      16,
      1,
      1,
      884
    ]
  ]
}