{
  "run": "dit_base_lp",
  "model": "dit_base",
  "family": "transformer",
  "pretrain": "domain",
  "trained": true,
  "epochs": 12,
  "lr": 0.001,
  "frozen_backbone": true,
  "accuracy": 0.5810625,
  "macro_precision": 0.5781057350603026,
  "macro_recall": 0.5810625,
  "macro_f1": 0.5733896362747154,
  "params_M": 85.820944,
  "gflops": 17.581231872,
  "img_per_s": 188.88875394149403,
  "train_time_s": 1159.2556862831116,
  "peak_vram_mb": 1066.312192,
  "top5_classes": [
    [
      "file folder",
      0.832
    ],
    [
      "email",
      0.821
    ],
    [
      "scientific publication",
      0.804
    ],
    [
      "resume",
      0.778
    ],
    [
      "news article",
      0.732
    ]
  ],
  "bottom5_classes": [
    [
      "scientific report",
      0.19
    ],
    [
      "questionnaire",
      0.365
    ],
    [
      "memo",
      0.385
    ],
    [
      "form",
      0.395
    ],
    [
      "invoice",
      0.477
    ]
  ],
  "top_confusions": [
    [
      "memo",
      "letter",
      200
    ],
    [
      "scientific report",
      "presentation",
      140
    ],
    [
      "specification",
      "form",
      134
    ],
    [
      "letter",
      "memo",
      127
    ],
    [
      "invoice",
      "form",
      117
    ],
    [
      "questionnaire",
      "letter",
      98
    ],
    [
      "specification",
      "resume",
      94
    ],
    [
      "scientific report",
      "letter",
      93
    ]
  ],
  "per_class_acc": [
    0.566,
    0.395,
    0.821,
    0.707,
    0.721,
    0.19,
    0.804,
    0.497,
    0.832,
    0.732,
    0.487,
    0.477,
    0.54,
    0.365,
    0.778,
    0.385
  ],
  "confusion_matrix": [
    [
      566,
      28,
      27,
      23,
      7,
      14,
      31,
      19,
      14,
      20,
      6,
      16,
      39,
      20,
      43,
      127
    ],
    [
      82,
      395,
      21,
      14,
      11,
      35,
      16,
      47,
      14,
      20,
      58,
      63,
      42,
      76,
      55,
      51
    ],
    [
      43,
      1,
      821,
      1,
      1,
      6,
      22,
      1,
      7,
      10,
      13,
      2,
      16,
      6,
      35,
      15
    ],
    [
      49,
      28,
      3,
      707,
      30,
      6,
      5,
      19,
      30,
      13,
      23,
      39,
      17,
      16,
      7,
      8
    ],
    [
      11,
      15,
      6,
      12,
      721,
      6,
      14,
      7,
      26,
      68,
      10,
      29,
      48,
      13,
      5,
      9
    ],
    [
      93,
      43,
      28,
      17,
      11,
      190,
      57,
      38,
      35,
      38,
      90,
      42,
      140,
      44,
      41,
      93
    ],
    [
      15,
      3,
      7,
      3,
      11,
      15,
      804,
      2,
      9,
      76,
      2,
      8,
      20,
      8,
      7,
      10
    ],
    [
      43,
      134,
      12,
      8,
      9,
      8,
      5,
      497,
      2,
      6,
      77,
      27,
      12,
      29,
      94,
      37
    ],
    [
      4,
      5,
      14,
      23,
      21,
      4,
      12,
      1,
      832,
      26,
      8,
      19,
      23,
      5,
      0,
      3
    ],
    [
      14,
      3,
      20,
      6,
      49,
      11,
      87,
      1,
      9,
      732,
      3,
      4,
      26,
      2,
      20,
      13
    ],
    [
      42,
      76,
      16,
      9,
      5,
      30,
      18,
      43,
      20,
      26,
      487,
      80,
      69,
      26,
      29,
      24
    ],
    [
      80,
      117,
      8,
      9,
      7,
      14,
      7,
      51,
      12,
      19,
      80,
      477,
      23,
      43,
      11,
      42
    ],
    [
      50,
      9,
      17,
      26,
      20,
      79,
      26,
      3,
      43,
      33,
      33,
      19,
      540,
      23,
      39,
      40
    ],
    [
      98,
      82,
      13,
      16,
      26,
      33,
      19,
      28,
      20,
      19,
      49,
      24,
      59,
      365,
      62,
      87
    ],
    [
      47,
      10,
      28,
      1,
      6,
      9,
      18,
      5,
      3,
      16,
      5,
      2,
      34,
      12,
      778,
      26
    ],
    [
      200,
      32,
      43,
      8,
      5,
      30,
      28,
      16,
      9,
      18,
      15,
      32,
      70,
      43,
      66,
      385
    ]
  ]
}