{
  "run": "dit_base",
  "model": "dit_base",
  "family": "transformer",
  "pretrain": "domain",
  "trained": true,
  "epochs": 12,
  "lr": 5e-05,
  "frozen_backbone": false,
  "accuracy": 0.89475,
  "macro_precision": 0.8953553088176027,
  "macro_recall": 0.8947499999999999,
  "macro_f1": 0.8948661422116357,
  "params_M": 85.820944,
  "gflops": 17.581231872,
  "img_per_s": 190.51680652259282,
  "train_time_s": 3766.845011949539,
  "peak_vram_mb": 2175.683584,
  "top5_classes": [
    [
      "email",
      0.993
    ],
    [
      "handwritten",
      0.951
    ],
    [
      "file folder",
      0.939
    ],
    [
      "resume",
      0.937
    ],
    [
      "memo",
      0.931
    ]
  ],
  "bottom5_classes": [
    [
      "scientific report",
      0.77
    ],
    [
      "form",
      0.807
    ],
    [
      "presentation",
      0.85
    ],
    [
      "questionnaire",
      0.853
    ],
    [
      "budget",
      0.869
    ]
  ],
  "top_confusions": [
    [
      "scientific report",
      "presentation",
      69
    ],
    [
      "invoice",
      "form",
      55
    ],
    [
      "presentation",
      "scientific report",
      45
    ],
    [
      "form",
      "invoice",
      38
    ],
    [
      "questionnaire",
      "form",
      33
    ],
    [
      "scientific report",
      "form",
      31
    ],
    [
      "news article",
      "presentation",
      31
    ],
    [
      "budget",
      "presentation",
      30
    ]
  ],
  "per_class_acc": [
    0.904,
    0.807,
    0.993,
    0.951,
    0.907,
    0.77,
    0.926,
    0.905,
    0.939,
    0.89,
    0.869,
    0.884,
    0.85,
    0.853,
    0.937,
    0.931
  ],
  "confusion_matrix": [
    [
      904,
      11,
      10,
      19,
      4,
      2,
      2,
      0,
      1,
      3,
      2,
      4,
      9,
      8,
      3,
      18
    ],
    [
      17,
      807,
      6,
      11,
      9,
      24,
      4,
      24,
      7,
      0,
      13,
      38,
      4,
      25,
      1,
      10
    ],
    [
      1,
      1,
      993,
      0,
      0,
      1,
      0,
      2,
      0,
      0,
      0,
      0,
      0,
      2,
      0,
      0
    ],
    [
      1,
      12,
      1,
      951,
      8,
      1,
      1,
      4,
      0,
      1,
      1,
      1,
      2,
      16,
      0,
      0
    ],
    [
      5,
      8,
      1,
      8,
      907,
      2,
      9,
      0,
      11,
      17,
      1,
      1,
      15,
      12,
      1,
      2
    ],
    [
      2,
      31,
      2,
      1,
      5,
      770,
      20,
      15,
      14,
      10,
      21,
      2,
      69,
      15,
      16,
      7
    ],
    [
      1,
      1,
      1,
      0,
      8,
      27,
      926,
      2,
      8,
      14,
      0,
      1,
      4,
      4,
      3,
      0
    ],
    [
      4,
      27,
      6,
      8,
      3,
      18,
      0,
      905,
      1,
      0,
      4,
      4,
      5,
      13,
      2,
      0
    ],
    [
      2,
      2,
      1,
      2,
      9,
      6,
      3,
      0,
      939,
      0,
      4,
      1,
      20,
      8,
      3,
      0
    ],
    [
      2,
      2,
      2,
      0,
      14,
      10,
      26,
      0,
      7,
      890,
      2,
      1,
      31,
      6,
      5,
      2
    ],
    [
      2,
      16,
      0,
      0,
      3,
      26,
      0,
      7,
      12,
      6,
      869,
      20,
      30,
      7,
      1,
      1
    ],
    [
      9,
      55,
      1,
      5,
      0,
      4,
      0,
      5,
      5,
      1,
      23,
      884,
      2,
      4,
      0,
      2
    ],
    [
      4,
      4,
      2,
      1,
      10,
      45,
      3,
      2,
      16,
      19,
      18,
      1,
      850,
      9,
      12,
      4
    ],
    [
      6,
      33,
      3,
      13,
      15,
      24,
      3,
      4,
      5,
      4,
      7,
      2,
      18,
      853,
      4,
      6
    ],
    [
      0,
      4,
      0,
      0,
      1,
      15,
      10,
      2,
      0,
      7,
      2,
      0,
      13,
      7,
      937,
      2
    ],
    [
      18,
      15,
      1,
      0,
      1,
      3,
      1,
      4,
      5,
      2,
      4,
      5,
      8,
      1,
      1,
      931
    ]
  ]
}