{
  "run": "dit_rvlcdip_ref",
  "model": "dit_rvlcdip",
  "family": "transformer",
  "pretrain": "domain+rvlcdip",
  "trained": false,
  "epochs": 0,
  "lr": 0.0,
  "frozen_backbone": false,
  "accuracy": 0.930625,
  "macro_precision": 0.9308928721226422,
  "macro_recall": 0.930625,
  "macro_f1": 0.9306830759128648,
  "params_M": 85.820176,
  "gflops": 17.581231872,
  "img_per_s": 187.96211005114358,
  "train_time_s": 0.0020906925201416016,
  "peak_vram_mb": 765.895168,
  "top5_classes": [
    [
      "email",
      0.985
    ],
    [
      "resume",
      0.973
    ],
    [
      "handwritten",
      0.964
    ],
    [
      "file folder",
      0.962
    ],
    [
      "scientific publication",
      0.958
    ]
  ],
  "bottom5_classes": [
    [
      "form",
      0.857
    ],
    [
      "scientific report",
      0.861
    ],
    [
      "presentation",
      0.883
    ],
    [
      "questionnaire",
      0.91
    ],
    [
      "letter",
      0.921
    ]
  ],
  "top_confusions": [
    [
      "presentation",
      "scientific report",
      49
    ],
    [
      "scientific report",
      "presentation",
      43
    ],
    [
      "form",
      "letter",
      28
    ],
    [
      "form",
      "invoice",
      28
    ],
    [
      "budget",
      "presentation",
      24
    ],
    [
      "form",
      "questionnaire",
      23
    ],
    [
      "scientific report",
      "scientific publication",
      23
    ],
    [
      "news article",
      "presentation",
      23
    ]
  ],
  "per_class_acc": [
    0.921,
    0.857,
    0.985,
    0.964,
    0.942,
    0.861,
    0.958,
    0.937,
    0.962,
    0.924,
    0.924,
    0.938,
    0.883,
    0.91,
    0.973,
    0.951
  ],
  "confusion_matrix": [
    [
      921,
      8,
      6,
      16,
      3,
      4,
      2,
      0,
      4,
      1,
      0,
      4,
      5,
      8,
      0,
      18
    ],
    [
      28,
      857,
      1,
      7,
      9,
      18,
      0,
      7,
      4,
      0,
      7,
      28,
      4,
      23,
      0,
      7
    ],
    [
      8,
      1,
      985,
      0,
      0,
      0,
      0,
      2,
      0,
      0,
      0,
      0,
      2,
      0,
      0,
      2
    ],
    [
      2,
      8,
      0,
      964,
      7,
      1,
      0,
      2,
      0,
      0,
      0,
      0,
      0,
      16,
      0,
      0
    ],
    [
      5,
      3,
      1,
      9,
      942,
      2,
      6,
      0,
      7,
      5,
      3,
      0,
      9,
      7,
      0,
      1
    ],
    [
      4,
      19,
      0,
      0,
      5,
      861,
      23,
      6,
      8,
      2,
      13,
      1,
      43,
      7,
      3,
      5
    ],
    [
      0,
      2,
      0,
      0,
      6,
      11,
      958,
      1,
      6,
      10,
      0,
      0,
      4,
      0,
      0,
      2
    ],
    [
      5,
      20,
      1,
      7,
      1,
      7,
      0,
      937,
      0,
      0,
      5,
      1,
      5,
      10,
      0,
      1
    ],
    [
      1,
      0,
      0,
      1,
      3,
      12,
      3,
      1,
      962,
      0,
      4,
      0,
      10,
      3,
      0,
      0
    ],
    [
      3,
      1,
      1,
      0,
      21,
      4,
      10,
      0,
      4,
      924,
      1,
      0,
      23,
      0,
      5,
      3
    ],
    [
      0,
      10,
      0,
      1,
      0,
      14,
      1,
      3,
      4,
      7,
      924,
      8,
      24,
      3,
      0,
      1
    ],
    [
      10,
      21,
      0,
      6,
      0,
      2,
      0,
      1,
      2,
      0,
      15,
      938,
      3,
      1,
      0,
      1
    ],
    [
      3,
      3,
      1,
      0,
      6,
      49,
      2,
      3,
      10,
      14,
      8,
      1,
      883,
      6,
      9,
      2
    ],
    [
      8,
      17,
      2,
      10,
      13,
      9,
      1,
      6,
      4,
      1,
      6,
      3,
      10,
      910,
      0,
      0
    ],
    [
      0,
      2,
      0,
      0,
      1,
      8,
      5,
      0,
      1,
      0,
      0,
      1,
      5,
      3,
      973,
      1
    ],
    [
      12,
      11,
      0,
      2,
      1,
      1,
      0,
      3,
      3,
      3,
      3,
      1,
      5,
      3,
      1,
      951
    ]
  ]
}