{
  "run": "mobilevit_s",
  "model": "mobilevit_s",
  "family": "hybrid",
  "pretrain": "imagenet",
  "trained": true,
  "epochs": 12,
  "lr": 0.0001,
  "frozen_backbone": false,
  "accuracy": 0.8385625,
  "macro_precision": 0.840235094351468,
  "macro_recall": 0.8385625,
  "macro_f1": 0.8387631229176354,
  "params_M": 4.947888,
  "gflops": 1.441329216,
  "img_per_s": 611.8532876616159,
  "train_time_s": 1500.558765888214,
  "peak_vram_mb": 2436.09344,
  "top5_classes": [
    [
      "email",
      0.964
    ],
    [
      "handwritten",
      0.945
    ],
    [
      "file folder",
      0.944
    ],
    [
      "resume",
      0.888
    ],
    [
      "scientific publication",
      0.885
    ]
  ],
  "bottom5_classes": [
    [
      "scientific report",
      0.684
    ],
    [
      "form",
      0.704
    ],
    [
      "questionnaire",
      0.763
    ],
    [
      "presentation",
      0.775
    ],
    [
      "budget",
      0.781
    ]
  ],
  "top_confusions": [
    [
      "scientific report",
      "presentation",
      92
    ],
    [
      "presentation",
      "scientific report",
      76
    ],
    [
      "invoice",
      "budget",
      58
    ],
    [
      "news article",
      "scientific publication",
      55
    ],
    [
      "invoice",
      "form",
      52
    ],
    [
      "questionnaire",
      "form",
      51
    ],
    [
      "scientific report",
      "budget",
      50
    ],
    [
      "form",
      "invoice",
      45
    ]
  ],
  "per_class_acc": [
    0.819,
    0.704,
    0.964,
    0.945,
    0.88,
    0.684,
    0.885,
    0.877,
    0.944,
    0.826,
    0.781,
    0.806,
    0.775,
    0.763,
    0.888,
    0.876
  ],
  "confusion_matrix": [
    [
      819,
      20,
      17,
      27,
      3,
      18,
      4,
      4,
      5,
      3,
      0,
      12,
      22,
      16,
      0,
      30
    ],
    [
      25,
      704,
      6,
      18,
      10,
      44,
      8,
      33,
      10,
      4,
      24,
      45,
      9,
      36,
      2,
      22
    ],
    [
      5,
      6,
      964,
      0,
      1,
      5,
      1,
      4,
      3,
      1,
      4,
      1,
      1,
      3,
      0,
      1
    ],
    [
      4,
      10,
      0,
      945,
      9,
      1,
      2,
      4,
      7,
      2,
      1,
      3,
      1,
      11,
      0,
      0
    ],
    [
      7,
      9,
      2,
      14,
      880,
      8,
      7,
      2,
      14,
      16,
      5,
      2,
      22,
      9,
      0,
      3
    ],
    [
      2,
      30,
      1,
      9,
      12,
      684,
      27,
      11,
      18,
      9,
      50,
      13,
      92,
      21,
      10,
      11
    ],
    [
      2,
      1,
      1,
      0,
      19,
      27,
      885,
      3,
      11,
      28,
      1,
      0,
      14,
      7,
      1,
      0
    ],
    [
      8,
      25,
      2,
      9,
      4,
      17,
      0,
      877,
      2,
      1,
      15,
      4,
      6,
      19,
      3,
      8
    ],
    [
      1,
      3,
      0,
      6,
      9,
      3,
      1,
      0,
      944,
      0,
      3,
      1,
      23,
      5,
      0,
      1
    ],
    [
      3,
      1,
      2,
      0,
      28,
      18,
      55,
      0,
      12,
      826,
      3,
      1,
      38,
      4,
      2,
      7
    ],
    [
      2,
      36,
      0,
      8,
      6,
      38,
      3,
      13,
      13,
      4,
      781,
      38,
      39,
      13,
      1,
      5
    ],
    [
      10,
      52,
      0,
      8,
      1,
      19,
      0,
      17,
      10,
      1,
      58,
      806,
      4,
      10,
      0,
      4
    ],
    [
      7,
      5,
      1,
      6,
      19,
      76,
      11,
      4,
      24,
      17,
      17,
      0,
      775,
      25,
      8,
      5
    ],
    [
      10,
      51,
      5,
      24,
      15,
      36,
      5,
      16,
      8,
      5,
      18,
      6,
      30,
      763,
      2,
      6
    ],
    [
      1,
      6,
      1,
      1,
      6,
      29,
      8,
      6,
      1,
      12,
      8,
      3,
      20,
      5,
      888,
      5
    ],
    [
      29,
      21,
      6,
      5,
      0,
      14,
      0,
      5,
      8,
      2,
      8,
      8,
      8,
      7,
      3,
      876
    ]
  ]
}