{
  "run": "resnet18",
  "model": "resnet18",
  "family": "cnn",
  "pretrain": "imagenet",
  "trained": true,
  "epochs": 12,
  "lr": 0.0001,
  "frozen_backbone": false,
  "accuracy": 0.79825,
  "macro_precision": 0.804857575368423,
  "macro_recall": 0.7982499999999999,
  "macro_f1": 0.7995636698640564,
  "params_M": 11.18472,
  "gflops": 1.818562048,
  "img_per_s": 4890.104784528616,
  "train_time_s": 885.0266518592834,
  "peak_vram_mb": 635.856384,
  "top5_classes": [
    [
      "file folder",
      0.935
    ],
    [
      "email",
      0.923
    ],
    [
      "handwritten",
      0.9
    ],
    [
      "scientific publication",
      0.862
    ],
    [
      "advertisement",
      0.856
    ]
  ],
  "bottom5_classes": [
    [
      "scientific report",
      0.598
    ],
    [
      "form",
      0.641
    ],
    [
      "questionnaire",
      0.71
    ],
    [
      "budget",
      0.758
    ],
    [
      "letter",
      0.76
    ]
  ],
  "top_confusions": [
    [
      "scientific report",
      "presentation",
      139
    ],
    [
      "invoice",
      "budget",
      86
    ],
    [
      "presentation",
      "scientific report",
      68
    ],
    [
      "form",
      "scientific report",
      66
    ],
    [
      "scientific report",
      "budget",
      63
    ],
    [
      "letter",
      "memo",
      61
    ],
    [
      "news article",
      "presentation",
      61
    ],
    [
      "invoice",
      "form",
      61
    ]
  ],
  "per_class_acc": [
    0.76,
    0.641,
    0.923,
    0.9,
    0.856,
    0.598,
    0.862,
    0.815,
    0.935,
    0.787,
    0.758,
    0.764,
    0.787,
    0.71,
    0.843,
    0.833
  ],
  "confusion_matrix": [
    [
      760,
      24,
      19,
      26,
      2,
      22,
      3,
      8,
      7,
      2,
      4,
      12,
      26,
      18,
      6,
      61
    ],
    [
      14,
      641,
      5,
      18,
      15,
      66,
      4,
      45,
      13,
      3,
      41,
      54,
      18,
      33,
      6,
      24
    ],
    [
      8,
      4,
      923,
      0,
      2,
      4,
      2,
      1,
      6,
      7,
      13,
      0,
      17,
      5,
      1,
      7
    ],
    [
      6,
      11,
      0,
      900,
      20,
      4,
      0,
      2,
      11,
      3,
      8,
      8,
      14,
      13,
      0,
      0
    ],
    [
      7,
      8,
      2,
      7,
      856,
      4,
      6,
      5,
      22,
      22,
      3,
      9,
      40,
      4,
      1,
      4
    ],
    [
      6,
      47,
      3,
      15,
      13,
      598,
      21,
      11,
      22,
      1,
      63,
      16,
      139,
      21,
      10,
      14
    ],
    [
      0,
      3,
      2,
      1,
      23,
      30,
      862,
      4,
      12,
      29,
      3,
      0,
      25,
      5,
      0,
      1
    ],
    [
      6,
      37,
      2,
      6,
      5,
      27,
      0,
      815,
      2,
      1,
      42,
      12,
      9,
      25,
      4,
      7
    ],
    [
      1,
      5,
      0,
      8,
      11,
      3,
      0,
      0,
      935,
      0,
      4,
      3,
      27,
      2,
      0,
      1
    ],
    [
      3,
      3,
      3,
      0,
      36,
      20,
      58,
      2,
      11,
      787,
      3,
      2,
      61,
      2,
      5,
      4
    ],
    [
      5,
      37,
      2,
      12,
      2,
      43,
      2,
      16,
      20,
      1,
      758,
      48,
      42,
      8,
      2,
      2
    ],
    [
      11,
      61,
      0,
      9,
      4,
      18,
      0,
      12,
      15,
      0,
      86,
      764,
      5,
      8,
      2,
      5
    ],
    [
      9,
      8,
      7,
      5,
      20,
      68,
      8,
      1,
      28,
      5,
      22,
      1,
      787,
      15,
      8,
      8
    ],
    [
      10,
      42,
      4,
      17,
      19,
      47,
      1,
      13,
      25,
      7,
      24,
      10,
      56,
      710,
      5,
      10
    ],
    [
      9,
      9,
      10,
      1,
      6,
      28,
      6,
      8,
      4,
      10,
      12,
      0,
      45,
      5,
      843,
      4
    ],
    [
      46,
      29,
      6,
      6,
      0,
      26,
      0,
      8,
      9,
      1,
      6,
      8,
      11,
      6,
      5,
      833
    ]
  ]
}